,M,A,L,W,M,R,F,L,P,L,L,A,L,L,F,L,W,E,S,H,P,T,Q,A,F,V,K,Q,H,L,C,G,S,H,L,V,E,A,L,Y,L,V,C,G,E,R,G,F,F,Y,T,P,M,S,R,R,E,V,E,D
M,1,0,0,0,1,0,0,0,0,0,0,0,0,0,0,0,0,0
A,0,1,0,0,0,0,0,0,0,0,0,1,0,0,0,0,0,0
S,0,0,0,0,0,0,0,0,0,0,0,0,0,0,0,0,0,0
G,0,0,0,0,0,0,0,0,0,0,0,0,0,0,0,0,0,0
Q,0,0,0,0,0,0,0,0,0,0,0,0,0,0,0,0,0,0
G,0,0,0,0,0,0,0,0,0,0,0,0,0,0,0,0,0,0
P,0,0,0,0,0,0,0,0,1,0,0,0,0,0,0,0,0,0
G,0,0,0,0,0,0,0,0,0,0,0,0,0,0,0,0,0,0
P,0,0,0,0,0,0,0,0,1,0,0,0,0,0,0,0,0,0
P,0,0,0,0,0,0,0,0,1,0,0,0,0,0,0,0,0,0
R,0,0,0,0,0,1,0,0,0,0,0,0,0,0,0,0,0,0
Q,0,0,0,0,0,0,0,0,0,0,0,0,0,0,0,0,0,0
E,0,0,0,0,0,0,0,0,0,0,0,0,0,0,0,0,0,1
C,0,0,0,0,0,0,0,0,0,0,0,0,0,0,0,0,0,0
G,0,0,0,0,0,0,0,0,0,0,0,0,0,0,0,0,0,0
E,0,0,0,0,0,0,0,0,0,0,0,0,0,0,0,0,0,1
P,0,0,0,0,0,0,0,0,1,0,0,0,0,0,0,0,0,0
A,0,1,0,0,0,0,0,0,0,0,0,1,0,0,0,0,0,0
L,0,0,1,0,0,0,0,1,0,1,1,0,1,1,0,1,0,0
P,0,0,0,0,0,0,0,0,1,0,0,0,0,0,0,0,0,0
S,0,0,0,0,0,0,0,0,0,0,0,0,0,0,0,0,0,0
A,0,1,0,0,0,0,0,0,0,0,0,1,0,0,0,0,0,0
S,0,0,0,0,0,0,0,0,0,0,0,0,0,0,0,0,0,0
E,0,0,0,0,0,0,0,0,0,0,0,0,0,0,0,0,0,1
E,0,0,0,0,0,0,0,0,0,0,0,0,0,0,0,0,0,1
Q,0,0,0,0,0,0,0,0,0,0,0,0,0,0,0,0,0,0
V,0,0,0,0,0,0,0,0,0,0,0,0,0,0,0,0,0,0
A,0,1,0,0,0,0,0,0,0,0,0,1,0,0,0,0,0,0
Q,0,0,0,0,0,0,0,0,0,0,0,0,0,0,0,0,0,0
D,0,0,0,0,0,0,0,0,0,0,0,0,0,0,0,0,0,0
T,0,0,0,0,0,0,0,0,0,0,0,0,0,0,0,0,0,0
E,0,0,0,0,0,0,0,0,0,0,0,0,0,0,0,0,0,1
E,0,0,0,0,0,0,0,0,0,0,0,0,0,0,0,0,0,1
V,0,0,0,0,0,0,0,0,0,0,0,0,0,0,0,0,0,0
F,0,0,0,0,0,0,1,0,0,0,0,0,0,0,1,0,0,0
R,0,0,0,0,0,1,0,0,0,0,0,0,0,0,0,0,0,0
S,0,0,0,0,0,0,0,0,0,0,0,0,0,0,0,0,0,0
Y,0,0,0,0,0,0,0,0,0,0,0,0,0,0,0,0,0,0
V,0,0,0,0,0,0,0,0,0,0,0,0,0,0,0,0,0,0
F,0,0,0,0,0,0,1,0,0,0,0,0,0,0,1,0,0,0
Y,0,0,0,0,0,0,0,0,0,0,0,0,0,0,0,0,0,0
R,0,0,0,0,0,1,0,0,0,0,0,0,0,0,0,0,0,0
H,0,0,0,0,0,0,0,0,0,0,0,0,0,0,0,0,0,0
Q,0,0,0,0,0,0,0,0,0,0,0,0,0,0,0,0,0,0
Q,0,0,0,0,0,0,0,0,0,0,0,0,0,0,0,0,0,0
E,0,0,0,0,0,0,0,0,0,0,0,0,0,0,0,0,0,1
Q,0,0,0,0,0,0,0,0,0,0,0,0,0,0,0,0,0,0
E,0,0,0,0,0,0,0,0,0,0,0,0,0,0,0,0,0,1
A,0,1,0,0,0,0,0,0,0,0,0,1,0,0,0,0,0,0
E,0,0,0,0,0,0,0,0,0,0,0,0,0,0,0,0,0,1
G,0,0,0,0,0,0,0,0,0,0,0,0,0,0,0,0,0,0
V,0,0,0,0,0,0,0,0,0,0,0,0,0,0,0,0,0,0
A,0,1,0,0,0,0,0,0,0,0,0,1,0,0,0,0,0,0
A,0,1,0,0,0,0,0,0,0,0,0,1,0,0,0,0,0,0
P,0,0,0,0,0,0,0,0,1,0,0,0,0,0,0,0,0,0
A,0,1,0,0,0,0,0,0,0,0,0,1,0,0,0,0,0,0
D,0,0,0,0,0,0,0,0,0,0,0,0,0,0,0,0,0,0
P,0,0,0,0,0,0,0,0,1,0,0,0,0,0,0,0,0,0
E,0,0,0,0,0,0,0,0,0,0,0,0,0,0,0,0,0,1
M,1,0,0,0,1,0,0,0,0,0,0,0,0,0,0,0,0,0
